{"option": {"sample": "uniform", "aggregate": "other", "num_rounds": 5, "proportion": 0.2, "learning_rate_decay": 0.998, "lr_scheduler": -1, "early_stop": -1, "num_epochs": 5, "num_steps": -1, "learning_rate": 0.005, "batch_size": 64.0, "optimizer": "SGD", "clip_grad": 0.0, "momentum": 0.0, "weight_decay": 0.0, "num_edge_rounds": 5, "algo_para": [], "train_holdout": 0.1, "test_holdout": 0.0, "local_test": true, "seed": 0, "dataseed": 0, "gpu": [], "server_with_cpu": false, "num_parallels": 1, "parallel_type": "t", "num_workers": 0, "pin_memory": false, "no_drop_last": false, "test_batch_size": 512, "availability": "IDL", "connectivity": "IDL", "completeness": "IDL", "responsiveness": "IDL", "log_level": "INFO", "log_file": false, "no_log_console": false, "no_overwrite": false, "eval_interval": 1, "save_checkpoint": "", "load_checkpoint": "", "task": "./my_task1", "algorithm": "fedavg", "scene": "horizontal", "simulator": "Simulator", "model": "cnn"}, "client_datavol": [5400, 5400, 5400, 5400, 5400, 5400, 5400, 5400, 5400, 5400], "time": [0, 1, 2, 3, 4, 5], "test_accuracy": [0.0873, 0.8927, 0.9286, 0.9465, 0.9564, 0.9625], "test_loss": [2.314227578353882, 0.3962412533760071, 0.24660750761032105, 0.18689083757400513, 0.14940648834705353, 0.12454672341346741], "val_accuracy_dist": [0.9633333333333334, 0.9433333333333334, 0.9733333333333334, 0.9433333333333334, 0.9633333333333334, 0.9766666666666667, 0.97, 0.9733333333333334, 0.9466666666666667, 0.98], "val_accuracy": [0.08866666666666667, 0.8933333333333333, 0.93, 0.947, 0.957, 0.9633333333333334], "mean_val_accuracy": [0.08866666666666667, 0.8933333333333333, 0.93, 0.9469999999999998, 0.9569999999999999, 0.9633333333333335], "std_val_accuracy": [0.013678856352455459, 0.01988857852023506, 0.013904435743076139, 0.01361779881054366, 0.013617798810543683, 0.013333333333333334], "val_loss_dist": [0.08449262380599976, 0.1789080649614334, 0.0966300442814827, 0.15313906967639923, 0.11162783205509186, 0.14081156253814697, 0.12510482966899872, 0.10589860379695892, 0.1466103047132492, 0.09685724973678589], "val_loss": [2.3125826358795165, 0.39866133630275724, 0.24373168349266053, 0.1825927823781967, 0.146818907558918, 0.12400801852345467], "mean_val_loss": [2.3125826358795165, 0.39866133630275724, 0.24373168349266053, 0.1825927823781967, 0.146818907558918, 0.12400801852345467], "std_val_loss": [0.0055721923969444505, 0.038504696599055206, 0.0332841975579724, 0.030522737005603044, 0.03008272274626937, 0.028611995255523357]}