{"option": {"sample": "uniform", "aggregate": "other", "num_rounds": 5, "proportion": 0.2, "learning_rate_decay": 0.998, "lr_scheduler": -1, "early_stop": -1, "num_epochs": 5, "num_steps": -1, "learning_rate": 0.005, "batch_size": 64.0, "optimizer": "SGD", "clip_grad": 0.0, "momentum": 0.0, "weight_decay": 0.0, "num_edge_rounds": 5, "algo_para": [], "train_holdout": 0.1, "test_holdout": 0.0, "local_test": true, "seed": 0, "dataseed": 0, "gpu": [], "server_with_cpu": false, "num_parallels": 1, "parallel_type": "t", "num_workers": 0, "pin_memory": false, "no_drop_last": false, "test_batch_size": 512, "availability": "IDL", "connectivity": "IDL", "completeness": "IDL", "responsiveness": "IDL", "log_level": "INFO", "log_file": false, "no_log_console": false, "no_overwrite": false, "eval_interval": 1, "save_checkpoint": "", "load_checkpoint": "", "task": "./my_task1", "algorithm": "fedavg", "scene": "horizontal", "simulator": "Simulator", "model": "cnn"}, "client_datavol": [5400, 5400, 5400, 5400, 5400, 5400, 5400, 5400, 5400, 5400], "time": [0, 1, 2, 3, 4, 5], "test_accuracy": [0.0873, 0.5043, 0.6545, 0.6749, 0.692, 0.7234], "test_loss": [2.314227578353882, 2.169766566467285, 1.9431275201797484, 1.6215533338546753, 1.288095009613037, 1.0351087100982665], "val_accuracy_dist": [0.71, 0.6733333333333333, 0.7433333333333333, 0.74, 0.73, 0.69, 0.6866666666666666, 0.7066666666666667, 0.7166666666666667, 0.75], "val_accuracy": [0.08866666666666667, 0.48833333333333334, 0.6476666666666666, 0.6636666666666666, 0.6836666666666666, 0.7146666666666667], "mean_val_accuracy": [0.08866666666666667, 0.4883333333333333, 0.6476666666666666, 0.6636666666666666, 0.6836666666666666, 0.7146666666666667], "std_val_accuracy": [0.013678856352455459, 0.023106035767497837, 0.030588668926036424, 0.030639480703461303, 0.017285189549952246, 0.02477453890141606], "val_loss_dist": [1.0769147872924805, 1.1096420288085938, 1.0213755369186401, 1.0429962873458862, 1.0665063858032227, 1.113715648651123, 1.1156121492385864, 1.0905141830444336, 1.0584598779678345, 0.9992067217826843], "val_loss": [2.3125826358795165, 2.1743948698043822, 1.9557294964790344, 1.647262489795685, 1.3206502079963685, 1.0694943606853484], "mean_val_loss": [2.3125826358795165, 2.1743948698043822, 1.9557294964790344, 1.647262489795685, 1.3206502079963685, 1.0694943606853484], "std_val_loss": [0.0055721923969444505, 0.005433085396484953, 0.012823163770761913, 0.02333149601903356, 0.03154608602855575, 0.03778850714941302]}